figure_id,model,condition,layer,point_order,fpr,tpr,risk_threshold,margin_threshold,status,source
fig:speca,Qwen/Qwen2.5-3B-Instruct,wanda_50,24,0,0.0000000000,0.0000000000,inf,-inf,measured,results/phase2_readout_repair_v1_shards/wanda_50/repair_details.csv
fig:speca,Qwen/Qwen2.5-3B-Instruct,wanda_50,24,1,0.0109890110,0.0000000000,1.5555179119,-1.5555179119,measured,results/phase2_readout_repair_v1_shards/wanda_50/repair_details.csv
fig:speca,Qwen/Qwen2.5-3B-Instruct,wanda_50,24,2,0.0219780220,0.0000000000,-4.9217872620,4.9217872620,measured,results/phase2_readout_repair_v1_shards/wanda_50/repair_details.csv
fig:speca,Qwen/Qwen2.5-3B-Instruct,wanda_50,24,3,0.0329670330,0.0000000000,-6.0674242973,6.0674242973,measured,results/phase2_readout_repair_v1_shards/wanda_50/repair_details.csv
fig:speca,Qwen/Qwen2.5-3B-Instruct,wanda_50,24,4,0.0439560440,0.0000000000,-6.1248369217,6.1248369217,measured,results/phase2_readout_repair_v1_shards/wanda_50/repair_details.csv
fig:speca,Qwen/Qwen2.5-3B-Instruct,wanda_50,24,5,0.0439560440,0.0270270270,-7.5101342201,7.5101342201,measured,results/phase2_readout_repair_v1_shards/wanda_50/repair_details.csv
fig:speca,Qwen/Qwen2.5-3B-Instruct,wanda_50,24,6,0.0549450549,0.0270270270,-7.7568864822,7.7568864822,measured,results/phase2_readout_repair_v1_shards/wanda_50/repair_details.csv
fig:speca,Qwen/Qwen2.5-3B-Instruct,wanda_50,24,7,0.0549450549,0.0540540541,-8.0968761444,8.0968761444,measured,results/phase2_readout_repair_v1_shards/wanda_50/repair_details.csv
fig:speca,Qwen/Qwen2.5-3B-Instruct,wanda_50,24,8,0.0549450549,0.0810810811,-8.3071317673,8.3071317673,measured,results/phase2_readout_repair_v1_shards/wanda_50/repair_details.csv
fig:speca,Qwen/Qwen2.5-3B-Instruct,wanda_50,24,9,0.0659340659,0.0810810811,-8.6232452393,8.6232452393,measured,results/phase2_readout_repair_v1_shards/wanda_50/repair_details.csv
fig:speca,Qwen/Qwen2.5-3B-Instruct,wanda_50,24,10,0.0659340659,0.1081081081,-8.7636508942,8.7636508942,measured,results/phase2_readout_repair_v1_shards/wanda_50/repair_details.csv
fig:speca,Qwen/Qwen2.5-3B-Instruct,wanda_50,24,11,0.0659340659,0.1351351351,-8.7697048187,8.7697048187,measured,results/phase2_readout_repair_v1_shards/wanda_50/repair_details.csv
fig:speca,Qwen/Qwen2.5-3B-Instruct,wanda_50,24,12,0.0659340659,0.1621621622,-9.5777168274,9.5777168274,measured,results/phase2_readout_repair_v1_shards/wanda_50/repair_details.csv
fig:speca,Qwen/Qwen2.5-3B-Instruct,wanda_50,24,13,0.0769230769,0.1621621622,-9.7995262146,9.7995262146,measured,results/phase2_readout_repair_v1_shards/wanda_50/repair_details.csv
fig:speca,Qwen/Qwen2.5-3B-Instruct,wanda_50,24,14,0.0769230769,0.1891891892,-10.2605819702,10.2605819702,measured,results/phase2_readout_repair_v1_shards/wanda_50/repair_details.csv
fig:speca,Qwen/Qwen2.5-3B-Instruct,wanda_50,24,15,0.0769230769,0.2162162162,-10.4595546722,10.4595546722,measured,results/phase2_readout_repair_v1_shards/wanda_50/repair_details.csv
fig:speca,Qwen/Qwen2.5-3B-Instruct,wanda_50,24,16,0.0879120879,0.2162162162,-10.6974277496,10.6974277496,measured,results/phase2_readout_repair_v1_shards/wanda_50/repair_details.csv
fig:speca,Qwen/Qwen2.5-3B-Instruct,wanda_50,24,17,0.0879120879,0.2432432432,-10.8796043396,10.8796043396,measured,results/phase2_readout_repair_v1_shards/wanda_50/repair_details.csv
fig:speca,Qwen/Qwen2.5-3B-Instruct,wanda_50,24,18,0.0879120879,0.2702702703,-11.2606096268,11.2606096268,measured,results/phase2_readout_repair_v1_shards/wanda_50/repair_details.csv
fig:speca,Qwen/Qwen2.5-3B-Instruct,wanda_50,24,19,0.0879120879,0.2972972973,-12.8492479324,12.8492479324,measured,results/phase2_readout_repair_v1_shards/wanda_50/repair_details.csv
fig:speca,Qwen/Qwen2.5-3B-Instruct,wanda_50,24,20,0.0989010989,0.2972972973,-12.9431447983,12.9431447983,measured,results/phase2_readout_repair_v1_shards/wanda_50/repair_details.csv
fig:speca,Qwen/Qwen2.5-3B-Instruct,wanda_50,24,21,0.1098901099,0.2972972973,-12.9504423141,12.9504423141,measured,results/phase2_readout_repair_v1_shards/wanda_50/repair_details.csv
fig:speca,Qwen/Qwen2.5-3B-Instruct,wanda_50,24,22,0.1098901099,0.3243243243,-12.9566650391,12.9566650391,measured,results/phase2_readout_repair_v1_shards/wanda_50/repair_details.csv
fig:speca,Qwen/Qwen2.5-3B-Instruct,wanda_50,24,23,0.1208791209,0.3243243243,-13.2231235504,13.2231235504,measured,results/phase2_readout_repair_v1_shards/wanda_50/repair_details.csv
fig:speca,Qwen/Qwen2.5-3B-Instruct,wanda_50,24,24,0.1318681319,0.3243243243,-13.5242090225,13.5242090225,measured,results/phase2_readout_repair_v1_shards/wanda_50/repair_details.csv
fig:speca,Qwen/Qwen2.5-3B-Instruct,wanda_50,24,25,0.1428571429,0.3243243243,-13.8273010254,13.8273010254,measured,results/phase2_readout_repair_v1_shards/wanda_50/repair_details.csv
fig:speca,Qwen/Qwen2.5-3B-Instruct,wanda_50,24,26,0.1428571429,0.3513513514,-14.2102346420,14.2102346420,measured,results/phase2_readout_repair_v1_shards/wanda_50/repair_details.csv
fig:speca,Qwen/Qwen2.5-3B-Instruct,wanda_50,24,27,0.1538461538,0.3513513514,-14.2159500122,14.2159500122,measured,results/phase2_readout_repair_v1_shards/wanda_50/repair_details.csv
fig:speca,Qwen/Qwen2.5-3B-Instruct,wanda_50,24,28,0.1538461538,0.3783783784,-14.2959098816,14.2959098816,measured,results/phase2_readout_repair_v1_shards/wanda_50/repair_details.csv
fig:speca,Qwen/Qwen2.5-3B-Instruct,wanda_50,24,29,0.1648351648,0.3783783784,-14.7286567688,14.7286567688,measured,results/phase2_readout_repair_v1_shards/wanda_50/repair_details.csv
fig:speca,Qwen/Qwen2.5-3B-Instruct,wanda_50,24,30,0.1648351648,0.4054054054,-14.9716243744,14.9716243744,measured,results/phase2_readout_repair_v1_shards/wanda_50/repair_details.csv
fig:speca,Qwen/Qwen2.5-3B-Instruct,wanda_50,24,31,0.1648351648,0.4324324324,-14.9976186752,14.9976186752,measured,results/phase2_readout_repair_v1_shards/wanda_50/repair_details.csv
fig:speca,Qwen/Qwen2.5-3B-Instruct,wanda_50,24,32,0.1648351648,0.4594594595,-15.2229099274,15.2229099274,measured,results/phase2_readout_repair_v1_shards/wanda_50/repair_details.csv
fig:speca,Qwen/Qwen2.5-3B-Instruct,wanda_50,24,33,0.1648351648,0.4864864865,-15.2583961487,15.2583961487,measured,results/phase2_readout_repair_v1_shards/wanda_50/repair_details.csv
fig:speca,Qwen/Qwen2.5-3B-Instruct,wanda_50,24,34,0.1758241758,0.4864864865,-15.4664955139,15.4664955139,measured,results/phase2_readout_repair_v1_shards/wanda_50/repair_details.csv
fig:speca,Qwen/Qwen2.5-3B-Instruct,wanda_50,24,35,0.1868131868,0.4864864865,-15.6391410828,15.6391410828,measured,results/phase2_readout_repair_v1_shards/wanda_50/repair_details.csv
fig:speca,Qwen/Qwen2.5-3B-Instruct,wanda_50,24,36,0.1978021978,0.4864864865,-15.7563018799,15.7563018799,measured,results/phase2_readout_repair_v1_shards/wanda_50/repair_details.csv
fig:speca,Qwen/Qwen2.5-3B-Instruct,wanda_50,24,37,0.2087912088,0.4864864865,-16.0587272644,16.0587272644,measured,results/phase2_readout_repair_v1_shards/wanda_50/repair_details.csv
fig:speca,Qwen/Qwen2.5-3B-Instruct,wanda_50,24,38,0.2087912088,0.5135135135,-16.0775947571,16.0775947571,measured,results/phase2_readout_repair_v1_shards/wanda_50/repair_details.csv
fig:speca,Qwen/Qwen2.5-3B-Instruct,wanda_50,24,39,0.2087912088,0.5405405405,-16.0918521881,16.0918521881,measured,results/phase2_readout_repair_v1_shards/wanda_50/repair_details.csv
fig:speca,Qwen/Qwen2.5-3B-Instruct,wanda_50,24,40,0.2197802198,0.5405405405,-16.2395629883,16.2395629883,measured,results/phase2_readout_repair_v1_shards/wanda_50/repair_details.csv
fig:speca,Qwen/Qwen2.5-3B-Instruct,wanda_50,24,41,0.2307692308,0.5405405405,-16.2492771149,16.2492771149,measured,results/phase2_readout_repair_v1_shards/wanda_50/repair_details.csv
fig:speca,Qwen/Qwen2.5-3B-Instruct,wanda_50,24,42,0.2307692308,0.5675675676,-16.7941570282,16.7941570282,measured,results/phase2_readout_repair_v1_shards/wanda_50/repair_details.csv
fig:speca,Qwen/Qwen2.5-3B-Instruct,wanda_50,24,43,0.2307692308,0.5945945946,-16.7946357727,16.7946357727,measured,results/phase2_readout_repair_v1_shards/wanda_50/repair_details.csv
fig:speca,Qwen/Qwen2.5-3B-Instruct,wanda_50,24,44,0.2417582418,0.5945945946,-17.0711784363,17.0711784363,measured,results/phase2_readout_repair_v1_shards/wanda_50/repair_details.csv
fig:speca,Qwen/Qwen2.5-3B-Instruct,wanda_50,24,45,0.2417582418,0.6216216216,-17.1250648499,17.1250648499,measured,results/phase2_readout_repair_v1_shards/wanda_50/repair_details.csv
fig:speca,Qwen/Qwen2.5-3B-Instruct,wanda_50,24,46,0.2527472527,0.6216216216,-17.2440090179,17.2440090179,measured,results/phase2_readout_repair_v1_shards/wanda_50/repair_details.csv
fig:speca,Qwen/Qwen2.5-3B-Instruct,wanda_50,24,47,0.2637362637,0.6216216216,-17.7008323669,17.7008323669,measured,results/phase2_readout_repair_v1_shards/wanda_50/repair_details.csv
fig:speca,Qwen/Qwen2.5-3B-Instruct,wanda_50,24,48,0.2747252747,0.6216216216,-17.9930038452,17.9930038452,measured,results/phase2_readout_repair_v1_shards/wanda_50/repair_details.csv
fig:speca,Qwen/Qwen2.5-3B-Instruct,wanda_50,24,49,0.2857142857,0.6216216216,-18.0831394196,18.0831394196,measured,results/phase2_readout_repair_v1_shards/wanda_50/repair_details.csv
fig:speca,Qwen/Qwen2.5-3B-Instruct,wanda_50,24,50,0.2967032967,0.6216216216,-18.1661453247,18.1661453247,measured,results/phase2_readout_repair_v1_shards/wanda_50/repair_details.csv
fig:speca,Qwen/Qwen2.5-3B-Instruct,wanda_50,24,51,0.3076923077,0.6216216216,-18.1979904175,18.1979904175,measured,results/phase2_readout_repair_v1_shards/wanda_50/repair_details.csv
fig:speca,Qwen/Qwen2.5-3B-Instruct,wanda_50,24,52,0.3076923077,0.6486486486,-18.2565689087,18.2565689087,measured,results/phase2_readout_repair_v1_shards/wanda_50/repair_details.csv
fig:speca,Qwen/Qwen2.5-3B-Instruct,wanda_50,24,53,0.3186813187,0.6486486486,-18.4577560425,18.4577560425,measured,results/phase2_readout_repair_v1_shards/wanda_50/repair_details.csv
fig:speca,Qwen/Qwen2.5-3B-Instruct,wanda_50,24,54,0.3186813187,0.6756756757,-18.9425811768,18.9425811768,measured,results/phase2_readout_repair_v1_shards/wanda_50/repair_details.csv
fig:speca,Qwen/Qwen2.5-3B-Instruct,wanda_50,24,55,0.3296703297,0.6756756757,-18.9426383972,18.9426383972,measured,results/phase2_readout_repair_v1_shards/wanda_50/repair_details.csv
fig:speca,Qwen/Qwen2.5-3B-Instruct,wanda_50,24,56,0.3296703297,0.7027027027,-19.0304088593,19.0304088593,measured,results/phase2_readout_repair_v1_shards/wanda_50/repair_details.csv
fig:speca,Qwen/Qwen2.5-3B-Instruct,wanda_50,24,57,0.3406593407,0.7027027027,-19.2060852051,19.2060852051,measured,results/phase2_readout_repair_v1_shards/wanda_50/repair_details.csv
fig:speca,Qwen/Qwen2.5-3B-Instruct,wanda_50,24,58,0.3406593407,0.7297297297,-19.2746868134,19.2746868134,measured,results/phase2_readout_repair_v1_shards/wanda_50/repair_details.csv
fig:speca,Qwen/Qwen2.5-3B-Instruct,wanda_50,24,59,0.3516483516,0.7297297297,-19.3552551270,19.3552551270,measured,results/phase2_readout_repair_v1_shards/wanda_50/repair_details.csv
fig:speca,Qwen/Qwen2.5-3B-Instruct,wanda_50,24,60,0.3626373626,0.7297297297,-19.7175483704,19.7175483704,measured,results/phase2_readout_repair_v1_shards/wanda_50/repair_details.csv
fig:speca,Qwen/Qwen2.5-3B-Instruct,wanda_50,24,61,0.3626373626,0.7567567568,-19.7723999023,19.7723999023,measured,results/phase2_readout_repair_v1_shards/wanda_50/repair_details.csv
fig:speca,Qwen/Qwen2.5-3B-Instruct,wanda_50,24,62,0.3626373626,0.7837837838,-19.9104843140,19.9104843140,measured,results/phase2_readout_repair_v1_shards/wanda_50/repair_details.csv
fig:speca,Qwen/Qwen2.5-3B-Instruct,wanda_50,24,63,0.3626373626,0.8108108108,-20.0397434235,20.0397434235,measured,results/phase2_readout_repair_v1_shards/wanda_50/repair_details.csv
fig:speca,Qwen/Qwen2.5-3B-Instruct,wanda_50,24,64,0.3736263736,0.8108108108,-20.1198444366,20.1198444366,measured,results/phase2_readout_repair_v1_shards/wanda_50/repair_details.csv
fig:speca,Qwen/Qwen2.5-3B-Instruct,wanda_50,24,65,0.3846153846,0.8108108108,-20.1569576263,20.1569576263,measured,results/phase2_readout_repair_v1_shards/wanda_50/repair_details.csv
fig:speca,Qwen/Qwen2.5-3B-Instruct,wanda_50,24,66,0.3956043956,0.8108108108,-20.2409324646,20.2409324646,measured,results/phase2_readout_repair_v1_shards/wanda_50/repair_details.csv
fig:speca,Qwen/Qwen2.5-3B-Instruct,wanda_50,24,67,0.4065934066,0.8108108108,-20.5832538605,20.5832538605,measured,results/phase2_readout_repair_v1_shards/wanda_50/repair_details.csv
fig:speca,Qwen/Qwen2.5-3B-Instruct,wanda_50,24,68,0.4065934066,0.8378378378,-20.6128273010,20.6128273010,measured,results/phase2_readout_repair_v1_shards/wanda_50/repair_details.csv
fig:speca,Qwen/Qwen2.5-3B-Instruct,wanda_50,24,69,0.4175824176,0.8378378378,-20.6830596924,20.6830596924,measured,results/phase2_readout_repair_v1_shards/wanda_50/repair_details.csv
fig:speca,Qwen/Qwen2.5-3B-Instruct,wanda_50,24,70,0.4285714286,0.8378378378,-20.7964515686,20.7964515686,measured,results/phase2_readout_repair_v1_shards/wanda_50/repair_details.csv
fig:speca,Qwen/Qwen2.5-3B-Instruct,wanda_50,24,71,0.4395604396,0.8378378378,-21.1020565033,21.1020565033,measured,results/phase2_readout_repair_v1_shards/wanda_50/repair_details.csv
fig:speca,Qwen/Qwen2.5-3B-Instruct,wanda_50,24,72,0.4505494505,0.8378378378,-21.2551288605,21.2551288605,measured,results/phase2_readout_repair_v1_shards/wanda_50/repair_details.csv
fig:speca,Qwen/Qwen2.5-3B-Instruct,wanda_50,24,73,0.4615384615,0.8378378378,-21.3050861359,21.3050861359,measured,results/phase2_readout_repair_v1_shards/wanda_50/repair_details.csv
fig:speca,Qwen/Qwen2.5-3B-Instruct,wanda_50,24,74,0.4725274725,0.8378378378,-21.3392944336,21.3392944336,measured,results/phase2_readout_repair_v1_shards/wanda_50/repair_details.csv
fig:speca,Qwen/Qwen2.5-3B-Instruct,wanda_50,24,75,0.4835164835,0.8378378378,-21.3695526123,21.3695526123,measured,results/phase2_readout_repair_v1_shards/wanda_50/repair_details.csv
fig:speca,Qwen/Qwen2.5-3B-Instruct,wanda_50,24,76,0.4835164835,0.8648648649,-21.4245471954,21.4245471954,measured,results/phase2_readout_repair_v1_shards/wanda_50/repair_details.csv
fig:speca,Qwen/Qwen2.5-3B-Instruct,wanda_50,24,77,0.4835164835,0.8918918919,-21.7528839111,21.7528839111,measured,results/phase2_readout_repair_v1_shards/wanda_50/repair_details.csv
fig:speca,Qwen/Qwen2.5-3B-Instruct,wanda_50,24,78,0.4835164835,0.9189189189,-21.7616844177,21.7616844177,measured,results/phase2_readout_repair_v1_shards/wanda_50/repair_details.csv
fig:speca,Qwen/Qwen2.5-3B-Instruct,wanda_50,24,79,0.4945054945,0.9189189189,-21.7842464447,21.7842464447,measured,results/phase2_readout_repair_v1_shards/wanda_50/repair_details.csv
fig:speca,Qwen/Qwen2.5-3B-Instruct,wanda_50,24,80,0.5054945055,0.9189189189,-21.8247280121,21.8247280121,measured,results/phase2_readout_repair_v1_shards/wanda_50/repair_details.csv
fig:speca,Qwen/Qwen2.5-3B-Instruct,wanda_50,24,81,0.5164835165,0.9189189189,-21.9498405457,21.9498405457,measured,results/phase2_readout_repair_v1_shards/wanda_50/repair_details.csv
fig:speca,Qwen/Qwen2.5-3B-Instruct,wanda_50,24,82,0.5274725275,0.9189189189,-21.9966354370,21.9966354370,measured,results/phase2_readout_repair_v1_shards/wanda_50/repair_details.csv
fig:speca,Qwen/Qwen2.5-3B-Instruct,wanda_50,24,83,0.5384615385,0.9189189189,-22.0592918396,22.0592918396,measured,results/phase2_readout_repair_v1_shards/wanda_50/repair_details.csv
fig:speca,Qwen/Qwen2.5-3B-Instruct,wanda_50,24,84,0.5494505495,0.9189189189,-22.1367416382,22.1367416382,measured,results/phase2_readout_repair_v1_shards/wanda_50/repair_details.csv
fig:speca,Qwen/Qwen2.5-3B-Instruct,wanda_50,24,85,0.5604395604,0.9189189189,-22.1569061279,22.1569061279,measured,results/phase2_readout_repair_v1_shards/wanda_50/repair_details.csv
fig:speca,Qwen/Qwen2.5-3B-Instruct,wanda_50,24,86,0.5714285714,0.9189189189,-22.3520202637,22.3520202637,measured,results/phase2_readout_repair_v1_shards/wanda_50/repair_details.csv
fig:speca,Qwen/Qwen2.5-3B-Instruct,wanda_50,24,87,0.5714285714,0.9459459459,-22.4752845764,22.4752845764,measured,results/phase2_readout_repair_v1_shards/wanda_50/repair_details.csv
fig:speca,Qwen/Qwen2.5-3B-Instruct,wanda_50,24,88,0.5824175824,0.9459459459,-22.9375495911,22.9375495911,measured,results/phase2_readout_repair_v1_shards/wanda_50/repair_details.csv
fig:speca,Qwen/Qwen2.5-3B-Instruct,wanda_50,24,89,0.5934065934,0.9459459459,-23.3834686279,23.3834686279,measured,results/phase2_readout_repair_v1_shards/wanda_50/repair_details.csv
fig:speca,Qwen/Qwen2.5-3B-Instruct,wanda_50,24,90,0.6043956044,0.9459459459,-23.4761848450,23.4761848450,measured,results/phase2_readout_repair_v1_shards/wanda_50/repair_details.csv
fig:speca,Qwen/Qwen2.5-3B-Instruct,wanda_50,24,91,0.6043956044,0.9729729730,-23.6050758362,23.6050758362,measured,results/phase2_readout_repair_v1_shards/wanda_50/repair_details.csv
fig:speca,Qwen/Qwen2.5-3B-Instruct,wanda_50,24,92,0.6153846154,0.9729729730,-23.6727676392,23.6727676392,measured,results/phase2_readout_repair_v1_shards/wanda_50/repair_details.csv
fig:speca,Qwen/Qwen2.5-3B-Instruct,wanda_50,24,93,0.6263736264,0.9729729730,-23.7559909821,23.7559909821,measured,results/phase2_readout_repair_v1_shards/wanda_50/repair_details.csv
fig:speca,Qwen/Qwen2.5-3B-Instruct,wanda_50,24,94,0.6373626374,0.9729729730,-24.0639858246,24.0639858246,measured,results/phase2_readout_repair_v1_shards/wanda_50/repair_details.csv
fig:speca,Qwen/Qwen2.5-3B-Instruct,wanda_50,24,95,0.6483516484,0.9729729730,-24.1407585144,24.1407585144,measured,results/phase2_readout_repair_v1_shards/wanda_50/repair_details.csv
fig:speca,Qwen/Qwen2.5-3B-Instruct,wanda_50,24,96,0.6593406593,0.9729729730,-24.1634540558,24.1634540558,measured,results/phase2_readout_repair_v1_shards/wanda_50/repair_details.csv
fig:speca,Qwen/Qwen2.5-3B-Instruct,wanda_50,24,97,0.6703296703,0.9729729730,-24.2275104523,24.2275104523,measured,results/phase2_readout_repair_v1_shards/wanda_50/repair_details.csv
fig:speca,Qwen/Qwen2.5-3B-Instruct,wanda_50,24,98,0.6813186813,0.9729729730,-24.2831630707,24.2831630707,measured,results/phase2_readout_repair_v1_shards/wanda_50/repair_details.csv
fig:speca,Qwen/Qwen2.5-3B-Instruct,wanda_50,24,99,0.6923076923,0.9729729730,-24.3146114349,24.3146114349,measured,results/phase2_readout_repair_v1_shards/wanda_50/repair_details.csv
fig:speca,Qwen/Qwen2.5-3B-Instruct,wanda_50,24,100,0.7032967033,0.9729729730,-24.3658847809,24.3658847809,measured,results/phase2_readout_repair_v1_shards/wanda_50/repair_details.csv
fig:speca,Qwen/Qwen2.5-3B-Instruct,wanda_50,24,101,0.7142857143,0.9729729730,-24.3848266602,24.3848266602,measured,results/phase2_readout_repair_v1_shards/wanda_50/repair_details.csv
fig:speca,Qwen/Qwen2.5-3B-Instruct,wanda_50,24,102,0.7252747253,0.9729729730,-24.4214572906,24.4214572906,measured,results/phase2_readout_repair_v1_shards/wanda_50/repair_details.csv
fig:speca,Qwen/Qwen2.5-3B-Instruct,wanda_50,24,103,0.7362637363,0.9729729730,-24.5327987671,24.5327987671,measured,results/phase2_readout_repair_v1_shards/wanda_50/repair_details.csv
fig:speca,Qwen/Qwen2.5-3B-Instruct,wanda_50,24,104,0.7472527473,0.9729729730,-24.8038101196,24.8038101196,measured,results/phase2_readout_repair_v1_shards/wanda_50/repair_details.csv
fig:speca,Qwen/Qwen2.5-3B-Instruct,wanda_50,24,105,0.7582417582,0.9729729730,-24.8165073395,24.8165073395,measured,results/phase2_readout_repair_v1_shards/wanda_50/repair_details.csv
fig:speca,Qwen/Qwen2.5-3B-Instruct,wanda_50,24,106,0.7692307692,0.9729729730,-24.8765640259,24.8765640259,measured,results/phase2_readout_repair_v1_shards/wanda_50/repair_details.csv
fig:speca,Qwen/Qwen2.5-3B-Instruct,wanda_50,24,107,0.7802197802,0.9729729730,-25.2420978546,25.2420978546,measured,results/phase2_readout_repair_v1_shards/wanda_50/repair_details.csv
fig:speca,Qwen/Qwen2.5-3B-Instruct,wanda_50,24,108,0.7912087912,0.9729729730,-25.3514804840,25.3514804840,measured,results/phase2_readout_repair_v1_shards/wanda_50/repair_details.csv
fig:speca,Qwen/Qwen2.5-3B-Instruct,wanda_50,24,109,0.8021978022,0.9729729730,-25.3902778625,25.3902778625,measured,results/phase2_readout_repair_v1_shards/wanda_50/repair_details.csv
fig:speca,Qwen/Qwen2.5-3B-Instruct,wanda_50,24,110,0.8131868132,0.9729729730,-25.6944313049,25.6944313049,measured,results/phase2_readout_repair_v1_shards/wanda_50/repair_details.csv
fig:speca,Qwen/Qwen2.5-3B-Instruct,wanda_50,24,111,0.8241758242,0.9729729730,-25.7930641174,25.7930641174,measured,results/phase2_readout_repair_v1_shards/wanda_50/repair_details.csv
fig:speca,Qwen/Qwen2.5-3B-Instruct,wanda_50,24,112,0.8351648352,0.9729729730,-25.8487606049,25.8487606049,measured,results/phase2_readout_repair_v1_shards/wanda_50/repair_details.csv
fig:speca,Qwen/Qwen2.5-3B-Instruct,wanda_50,24,113,0.8461538462,0.9729729730,-25.8660373688,25.8660373688,measured,results/phase2_readout_repair_v1_shards/wanda_50/repair_details.csv
fig:speca,Qwen/Qwen2.5-3B-Instruct,wanda_50,24,114,0.8571428571,0.9729729730,-25.8880424500,25.8880424500,measured,results/phase2_readout_repair_v1_shards/wanda_50/repair_details.csv
fig:speca,Qwen/Qwen2.5-3B-Instruct,wanda_50,24,115,0.8571428571,1.0000000000,-25.9704513550,25.9704513550,measured,results/phase2_readout_repair_v1_shards/wanda_50/repair_details.csv
fig:speca,Qwen/Qwen2.5-3B-Instruct,wanda_50,24,116,0.8681318681,1.0000000000,-26.0042037964,26.0042037964,measured,results/phase2_readout_repair_v1_shards/wanda_50/repair_details.csv
fig:speca,Qwen/Qwen2.5-3B-Instruct,wanda_50,24,117,0.8791208791,1.0000000000,-26.1795501709,26.1795501709,measured,results/phase2_readout_repair_v1_shards/wanda_50/repair_details.csv
fig:speca,Qwen/Qwen2.5-3B-Instruct,wanda_50,24,118,0.8901098901,1.0000000000,-26.7759971619,26.7759971619,measured,results/phase2_readout_repair_v1_shards/wanda_50/repair_details.csv
fig:speca,Qwen/Qwen2.5-3B-Instruct,wanda_50,24,119,0.9010989011,1.0000000000,-26.8135604858,26.8135604858,measured,results/phase2_readout_repair_v1_shards/wanda_50/repair_details.csv
fig:speca,Qwen/Qwen2.5-3B-Instruct,wanda_50,24,120,0.9120879121,1.0000000000,-27.1509132385,27.1509132385,measured,results/phase2_readout_repair_v1_shards/wanda_50/repair_details.csv
fig:speca,Qwen/Qwen2.5-3B-Instruct,wanda_50,24,121,0.9230769231,1.0000000000,-27.2556076050,27.2556076050,measured,results/phase2_readout_repair_v1_shards/wanda_50/repair_details.csv
fig:speca,Qwen/Qwen2.5-3B-Instruct,wanda_50,24,122,0.9340659341,1.0000000000,-27.4372348785,27.4372348785,measured,results/phase2_readout_repair_v1_shards/wanda_50/repair_details.csv
fig:speca,Qwen/Qwen2.5-3B-Instruct,wanda_50,24,123,0.9450549451,1.0000000000,-27.8134765625,27.8134765625,measured,results/phase2_readout_repair_v1_shards/wanda_50/repair_details.csv
fig:speca,Qwen/Qwen2.5-3B-Instruct,wanda_50,24,124,0.9560439560,1.0000000000,-28.2887115479,28.2887115479,measured,results/phase2_readout_repair_v1_shards/wanda_50/repair_details.csv
fig:speca,Qwen/Qwen2.5-3B-Instruct,wanda_50,24,125,0.9670329670,1.0000000000,-28.3586044312,28.3586044312,measured,results/phase2_readout_repair_v1_shards/wanda_50/repair_details.csv
fig:speca,Qwen/Qwen2.5-3B-Instruct,wanda_50,24,126,0.9780219780,1.0000000000,-28.9166584015,28.9166584015,measured,results/phase2_readout_repair_v1_shards/wanda_50/repair_details.csv
fig:speca,Qwen/Qwen2.5-3B-Instruct,wanda_50,24,127,0.9890109890,1.0000000000,-28.9767570496,28.9767570496,measured,results/phase2_readout_repair_v1_shards/wanda_50/repair_details.csv
fig:speca,Qwen/Qwen2.5-3B-Instruct,wanda_50,24,128,1.0000000000,1.0000000000,-29.3139839172,29.3139839172,measured,results/phase2_readout_repair_v1_shards/wanda_50/repair_details.csv
fig:speca,Qwen/Qwen2.5-3B-Instruct,wanda_50,28,0,0.0000000000,0.0000000000,inf,-inf,measured,results/phase2_readout_repair_v1_shards/wanda_50/repair_details.csv
fig:speca,Qwen/Qwen2.5-3B-Instruct,wanda_50,28,1,0.0109890110,0.0000000000,4.7052383423,-4.7052383423,measured,results/phase2_readout_repair_v1_shards/wanda_50/repair_details.csv
fig:speca,Qwen/Qwen2.5-3B-Instruct,wanda_50,28,2,0.0219780220,0.0000000000,-9.5620727539,9.5620727539,measured,results/phase2_readout_repair_v1_shards/wanda_50/repair_details.csv
fig:speca,Qwen/Qwen2.5-3B-Instruct,wanda_50,28,3,0.0329670330,0.0000000000,-12.9149036407,12.9149036407,measured,results/phase2_readout_repair_v1_shards/wanda_50/repair_details.csv
fig:speca,Qwen/Qwen2.5-3B-Instruct,wanda_50,28,4,0.0329670330,0.0270270270,-13.2563323975,13.2563323975,measured,results/phase2_readout_repair_v1_shards/wanda_50/repair_details.csv
fig:speca,Qwen/Qwen2.5-3B-Instruct,wanda_50,28,5,0.0329670330,0.0540540541,-14.5612373352,14.5612373352,measured,results/phase2_readout_repair_v1_shards/wanda_50/repair_details.csv
fig:speca,Qwen/Qwen2.5-3B-Instruct,wanda_50,28,6,0.0329670330,0.0810810811,-15.7033157349,15.7033157349,measured,results/phase2_readout_repair_v1_shards/wanda_50/repair_details.csv
fig:speca,Qwen/Qwen2.5-3B-Instruct,wanda_50,28,7,0.0439560440,0.0810810811,-16.3229103088,16.3229103088,measured,results/phase2_readout_repair_v1_shards/wanda_50/repair_details.csv
fig:speca,Qwen/Qwen2.5-3B-Instruct,wanda_50,28,8,0.0549450549,0.0810810811,-16.5752143860,16.5752143860,measured,results/phase2_readout_repair_v1_shards/wanda_50/repair_details.csv
fig:speca,Qwen/Qwen2.5-3B-Instruct,wanda_50,28,9,0.0549450549,0.1081081081,-16.5780448914,16.5780448914,measured,results/phase2_readout_repair_v1_shards/wanda_50/repair_details.csv
fig:speca,Qwen/Qwen2.5-3B-Instruct,wanda_50,28,10,0.0659340659,0.1081081081,-16.6249809265,16.6249809265,measured,results/phase2_readout_repair_v1_shards/wanda_50/repair_details.csv
fig:speca,Qwen/Qwen2.5-3B-Instruct,wanda_50,28,11,0.0769230769,0.1081081081,-16.8204689026,16.8204689026,measured,results/phase2_readout_repair_v1_shards/wanda_50/repair_details.csv
fig:speca,Qwen/Qwen2.5-3B-Instruct,wanda_50,28,12,0.0769230769,0.1351351351,-18.0464782715,18.0464782715,measured,results/phase2_readout_repair_v1_shards/wanda_50/repair_details.csv
fig:speca,Qwen/Qwen2.5-3B-Instruct,wanda_50,28,13,0.0769230769,0.1621621622,-18.4027729034,18.4027729034,measured,results/phase2_readout_repair_v1_shards/wanda_50/repair_details.csv
fig:speca,Qwen/Qwen2.5-3B-Instruct,wanda_50,28,14,0.0769230769,0.1891891892,-19.0634040833,19.0634040833,measured,results/phase2_readout_repair_v1_shards/wanda_50/repair_details.csv
fig:speca,Qwen/Qwen2.5-3B-Instruct,wanda_50,28,15,0.0769230769,0.2162162162,-19.6078395844,19.6078395844,measured,results/phase2_readout_repair_v1_shards/wanda_50/repair_details.csv
fig:speca,Qwen/Qwen2.5-3B-Instruct,wanda_50,28,16,0.0769230769,0.2432432432,-19.9526939392,19.9526939392,measured,results/phase2_readout_repair_v1_shards/wanda_50/repair_details.csv
fig:speca,Qwen/Qwen2.5-3B-Instruct,wanda_50,28,17,0.0769230769,0.2702702703,-20.3265914917,20.3265914917,measured,results/phase2_readout_repair_v1_shards/wanda_50/repair_details.csv
fig:speca,Qwen/Qwen2.5-3B-Instruct,wanda_50,28,18,0.0879120879,0.2702702703,-20.9509658813,20.9509658813,measured,results/phase2_readout_repair_v1_shards/wanda_50/repair_details.csv
fig:speca,Qwen/Qwen2.5-3B-Instruct,wanda_50,28,19,0.0879120879,0.2972972973,-24.3561630249,24.3561630249,measured,results/phase2_readout_repair_v1_shards/wanda_50/repair_details.csv
fig:speca,Qwen/Qwen2.5-3B-Instruct,wanda_50,28,20,0.0879120879,0.3243243243,-24.8829994202,24.8829994202,measured,results/phase2_readout_repair_v1_shards/wanda_50/repair_details.csv
fig:speca,Qwen/Qwen2.5-3B-Instruct,wanda_50,28,21,0.0879120879,0.3513513514,-24.8860702515,24.8860702515,measured,results/phase2_readout_repair_v1_shards/wanda_50/repair_details.csv
fig:speca,Qwen/Qwen2.5-3B-Instruct,wanda_50,28,22,0.0989010989,0.3513513514,-25.5406932831,25.5406932831,measured,results/phase2_readout_repair_v1_shards/wanda_50/repair_details.csv
fig:speca,Qwen/Qwen2.5-3B-Instruct,wanda_50,28,23,0.1098901099,0.3513513514,-25.6694450378,25.6694450378,measured,results/phase2_readout_repair_v1_shards/wanda_50/repair_details.csv
fig:speca,Qwen/Qwen2.5-3B-Instruct,wanda_50,28,24,0.1208791209,0.3513513514,-25.8487739563,25.8487739563,measured,results/phase2_readout_repair_v1_shards/wanda_50/repair_details.csv
fig:speca,Qwen/Qwen2.5-3B-Instruct,wanda_50,28,25,0.1208791209,0.3783783784,-26.0929622650,26.0929622650,measured,results/phase2_readout_repair_v1_shards/wanda_50/repair_details.csv
fig:speca,Qwen/Qwen2.5-3B-Instruct,wanda_50,28,26,0.1208791209,0.4054054054,-26.1590423584,26.1590423584,measured,results/phase2_readout_repair_v1_shards/wanda_50/repair_details.csv
fig:speca,Qwen/Qwen2.5-3B-Instruct,wanda_50,28,27,0.1318681319,0.4054054054,-26.3071937561,26.3071937561,measured,results/phase2_readout_repair_v1_shards/wanda_50/repair_details.csv
fig:speca,Qwen/Qwen2.5-3B-Instruct,wanda_50,28,28,0.1428571429,0.4054054054,-26.8437347412,26.8437347412,measured,results/phase2_readout_repair_v1_shards/wanda_50/repair_details.csv
fig:speca,Qwen/Qwen2.5-3B-Instruct,wanda_50,28,29,0.1428571429,0.4324324324,-26.9399681091,26.9399681091,measured,results/phase2_readout_repair_v1_shards/wanda_50/repair_details.csv
fig:speca,Qwen/Qwen2.5-3B-Instruct,wanda_50,28,30,0.1538461538,0.4324324324,-28.4675445557,28.4675445557,measured,results/phase2_readout_repair_v1_shards/wanda_50/repair_details.csv
fig:speca,Qwen/Qwen2.5-3B-Instruct,wanda_50,28,31,0.1648351648,0.4324324324,-29.3847045898,29.3847045898,measured,results/phase2_readout_repair_v1_shards/wanda_50/repair_details.csv
fig:speca,Qwen/Qwen2.5-3B-Instruct,wanda_50,28,32,0.1648351648,0.4594594595,-29.6725349426,29.6725349426,measured,results/phase2_readout_repair_v1_shards/wanda_50/repair_details.csv
fig:speca,Qwen/Qwen2.5-3B-Instruct,wanda_50,28,33,0.1758241758,0.4594594595,-29.9326324463,29.9326324463,measured,results/phase2_readout_repair_v1_shards/wanda_50/repair_details.csv
fig:speca,Qwen/Qwen2.5-3B-Instruct,wanda_50,28,34,0.1758241758,0.4864864865,-29.9753074646,29.9753074646,measured,results/phase2_readout_repair_v1_shards/wanda_50/repair_details.csv
fig:speca,Qwen/Qwen2.5-3B-Instruct,wanda_50,28,35,0.1758241758,0.5135135135,-30.1114463806,30.1114463806,measured,results/phase2_readout_repair_v1_shards/wanda_50/repair_details.csv
fig:speca,Qwen/Qwen2.5-3B-Instruct,wanda_50,28,36,0.1868131868,0.5135135135,-30.1347293854,30.1347293854,measured,results/phase2_readout_repair_v1_shards/wanda_50/repair_details.csv
fig:speca,Qwen/Qwen2.5-3B-Instruct,wanda_50,28,37,0.1978021978,0.5135135135,-30.3185539246,30.3185539246,measured,results/phase2_readout_repair_v1_shards/wanda_50/repair_details.csv
fig:speca,Qwen/Qwen2.5-3B-Instruct,wanda_50,28,38,0.2087912088,0.5135135135,-30.3227691650,30.3227691650,measured,results/phase2_readout_repair_v1_shards/wanda_50/repair_details.csv
fig:speca,Qwen/Qwen2.5-3B-Instruct,wanda_50,28,39,0.2197802198,0.5135135135,-30.4395332336,30.4395332336,measured,results/phase2_readout_repair_v1_shards/wanda_50/repair_details.csv
fig:speca,Qwen/Qwen2.5-3B-Instruct,wanda_50,28,40,0.2307692308,0.5135135135,-30.7505474091,30.7505474091,measured,results/phase2_readout_repair_v1_shards/wanda_50/repair_details.csv
fig:speca,Qwen/Qwen2.5-3B-Instruct,wanda_50,28,41,0.2417582418,0.5135135135,-30.8647594452,30.8647594452,measured,results/phase2_readout_repair_v1_shards/wanda_50/repair_details.csv
fig:speca,Qwen/Qwen2.5-3B-Instruct,wanda_50,28,42,0.2527472527,0.5135135135,-31.6476497650,31.6476497650,measured,results/phase2_readout_repair_v1_shards/wanda_50/repair_details.csv
fig:speca,Qwen/Qwen2.5-3B-Instruct,wanda_50,28,43,0.2637362637,0.5135135135,-31.7541275024,31.7541275024,measured,results/phase2_readout_repair_v1_shards/wanda_50/repair_details.csv
fig:speca,Qwen/Qwen2.5-3B-Instruct,wanda_50,28,44,0.2637362637,0.5405405405,-31.8503875732,31.8503875732,measured,results/phase2_readout_repair_v1_shards/wanda_50/repair_details.csv
fig:speca,Qwen/Qwen2.5-3B-Instruct,wanda_50,28,45,0.2747252747,0.5405405405,-31.9096107483,31.9096107483,measured,results/phase2_readout_repair_v1_shards/wanda_50/repair_details.csv
fig:speca,Qwen/Qwen2.5-3B-Instruct,wanda_50,28,46,0.2747252747,0.5675675676,-32.6754035950,32.6754035950,measured,results/phase2_readout_repair_v1_shards/wanda_50/repair_details.csv
fig:speca,Qwen/Qwen2.5-3B-Instruct,wanda_50,28,47,0.2857142857,0.5675675676,-33.2778244019,33.2778244019,measured,results/phase2_readout_repair_v1_shards/wanda_50/repair_details.csv
fig:speca,Qwen/Qwen2.5-3B-Instruct,wanda_50,28,48,0.2857142857,0.5945945946,-33.6004180908,33.6004180908,measured,results/phase2_readout_repair_v1_shards/wanda_50/repair_details.csv
fig:speca,Qwen/Qwen2.5-3B-Instruct,wanda_50,28,49,0.2967032967,0.5945945946,-33.6861877441,33.6861877441,measured,results/phase2_readout_repair_v1_shards/wanda_50/repair_details.csv
fig:speca,Qwen/Qwen2.5-3B-Instruct,wanda_50,28,50,0.3076923077,0.5945945946,-33.7244033813,33.7244033813,measured,results/phase2_readout_repair_v1_shards/wanda_50/repair_details.csv
fig:speca,Qwen/Qwen2.5-3B-Instruct,wanda_50,28,51,0.3186813187,0.5945945946,-34.2847328186,34.2847328186,measured,results/phase2_readout_repair_v1_shards/wanda_50/repair_details.csv
fig:speca,Qwen/Qwen2.5-3B-Instruct,wanda_50,28,52,0.3296703297,0.5945945946,-34.3011360168,34.3011360168,measured,results/phase2_readout_repair_v1_shards/wanda_50/repair_details.csv
fig:speca,Qwen/Qwen2.5-3B-Instruct,wanda_50,28,53,0.3296703297,0.6216216216,-34.6738357544,34.6738357544,measured,results/phase2_readout_repair_v1_shards/wanda_50/repair_details.csv
fig:speca,Qwen/Qwen2.5-3B-Instruct,wanda_50,28,54,0.3406593407,0.6216216216,-34.9519996643,34.9519996643,measured,results/phase2_readout_repair_v1_shards/wanda_50/repair_details.csv
fig:speca,Qwen/Qwen2.5-3B-Instruct,wanda_50,28,55,0.3516483516,0.6216216216,-35.3379211426,35.3379211426,measured,results/phase2_readout_repair_v1_shards/wanda_50/repair_details.csv
fig:speca,Qwen/Qwen2.5-3B-Instruct,wanda_50,28,56,0.3626373626,0.6216216216,-35.5209732056,35.5209732056,measured,results/phase2_readout_repair_v1_shards/wanda_50/repair_details.csv
fig:speca,Qwen/Qwen2.5-3B-Instruct,wanda_50,28,57,0.3626373626,0.6486486486,-35.6154937744,35.6154937744,measured,results/phase2_readout_repair_v1_shards/wanda_50/repair_details.csv
fig:speca,Qwen/Qwen2.5-3B-Instruct,wanda_50,28,58,0.3626373626,0.6756756757,-35.8691406250,35.8691406250,measured,results/phase2_readout_repair_v1_shards/wanda_50/repair_details.csv
fig:speca,Qwen/Qwen2.5-3B-Instruct,wanda_50,28,59,0.3736263736,0.6756756757,-36.3734207153,36.3734207153,measured,results/phase2_readout_repair_v1_shards/wanda_50/repair_details.csv
fig:speca,Qwen/Qwen2.5-3B-Instruct,wanda_50,28,60,0.3846153846,0.6756756757,-36.3801651001,36.3801651001,measured,results/phase2_readout_repair_v1_shards/wanda_50/repair_details.csv
fig:speca,Qwen/Qwen2.5-3B-Instruct,wanda_50,28,61,0.3846153846,0.7027027027,-36.4374618530,36.4374618530,measured,results/phase2_readout_repair_v1_shards/wanda_50/repair_details.csv
fig:speca,Qwen/Qwen2.5-3B-Instruct,wanda_50,28,62,0.3956043956,0.7027027027,-36.4913444519,36.4913444519,measured,results/phase2_readout_repair_v1_shards/wanda_50/repair_details.csv
fig:speca,Qwen/Qwen2.5-3B-Instruct,wanda_50,28,63,0.3956043956,0.7297297297,-36.5583038330,36.5583038330,measured,results/phase2_readout_repair_v1_shards/wanda_50/repair_details.csv
fig:speca,Qwen/Qwen2.5-3B-Instruct,wanda_50,28,64,0.3956043956,0.7567567568,-36.7134857178,36.7134857178,measured,results/phase2_readout_repair_v1_shards/wanda_50/repair_details.csv
fig:speca,Qwen/Qwen2.5-3B-Instruct,wanda_50,28,65,0.3956043956,0.7837837838,-36.7415122986,36.7415122986,measured,results/phase2_readout_repair_v1_shards/wanda_50/repair_details.csv
fig:speca,Qwen/Qwen2.5-3B-Instruct,wanda_50,28,66,0.4065934066,0.7837837838,-36.7757301331,36.7757301331,measured,results/phase2_readout_repair_v1_shards/wanda_50/repair_details.csv
fig:speca,Qwen/Qwen2.5-3B-Instruct,wanda_50,28,67,0.4065934066,0.8108108108,-36.8316497803,36.8316497803,measured,results/phase2_readout_repair_v1_shards/wanda_50/repair_details.csv
fig:speca,Qwen/Qwen2.5-3B-Instruct,wanda_50,28,68,0.4065934066,0.8378378378,-37.0022315979,37.0022315979,measured,results/phase2_readout_repair_v1_shards/wanda_50/repair_details.csv
fig:speca,Qwen/Qwen2.5-3B-Instruct,wanda_50,28,69,0.4175824176,0.8378378378,-37.0115890503,37.0115890503,measured,results/phase2_readout_repair_v1_shards/wanda_50/repair_details.csv
fig:speca,Qwen/Qwen2.5-3B-Instruct,wanda_50,28,70,0.4285714286,0.8378378378,-37.0537300110,37.0537300110,measured,results/phase2_readout_repair_v1_shards/wanda_50/repair_details.csv
fig:speca,Qwen/Qwen2.5-3B-Instruct,wanda_50,28,71,0.4395604396,0.8378378378,-37.0849456787,37.0849456787,measured,results/phase2_readout_repair_v1_shards/wanda_50/repair_details.csv
fig:speca,Qwen/Qwen2.5-3B-Instruct,wanda_50,28,72,0.4505494505,0.8378378378,-37.1689453125,37.1689453125,measured,results/phase2_readout_repair_v1_shards/wanda_50/repair_details.csv
fig:speca,Qwen/Qwen2.5-3B-Instruct,wanda_50,28,73,0.4615384615,0.8378378378,-37.3627471924,37.3627471924,measured,results/phase2_readout_repair_v1_shards/wanda_50/repair_details.csv
fig:speca,Qwen/Qwen2.5-3B-Instruct,wanda_50,28,74,0.4725274725,0.8378378378,-37.3999519348,37.3999519348,measured,results/phase2_readout_repair_v1_shards/wanda_50/repair_details.csv
fig:speca,Qwen/Qwen2.5-3B-Instruct,wanda_50,28,75,0.4835164835,0.8378378378,-37.5341339111,37.5341339111,measured,results/phase2_readout_repair_v1_shards/wanda_50/repair_details.csv
fig:speca,Qwen/Qwen2.5-3B-Instruct,wanda_50,28,76,0.4835164835,0.8648648649,-37.6674804688,37.6674804688,measured,results/phase2_readout_repair_v1_shards/wanda_50/repair_details.csv
fig:speca,Qwen/Qwen2.5-3B-Instruct,wanda_50,28,77,0.4945054945,0.8648648649,-37.7461395264,37.7461395264,measured,results/phase2_readout_repair_v1_shards/wanda_50/repair_details.csv
fig:speca,Qwen/Qwen2.5-3B-Instruct,wanda_50,28,78,0.5054945055,0.8648648649,-37.8085784912,37.8085784912,measured,results/phase2_readout_repair_v1_shards/wanda_50/repair_details.csv
fig:speca,Qwen/Qwen2.5-3B-Instruct,wanda_50,28,79,0.5054945055,0.8918918919,-37.8095054626,37.8095054626,measured,results/phase2_readout_repair_v1_shards/wanda_50/repair_details.csv
fig:speca,Qwen/Qwen2.5-3B-Instruct,wanda_50,28,80,0.5164835165,0.8918918919,-37.9456787109,37.9456787109,measured,results/phase2_readout_repair_v1_shards/wanda_50/repair_details.csv
fig:speca,Qwen/Qwen2.5-3B-Instruct,wanda_50,28,81,0.5274725275,0.8918918919,-37.9557685852,37.9557685852,measured,results/phase2_readout_repair_v1_shards/wanda_50/repair_details.csv
fig:speca,Qwen/Qwen2.5-3B-Instruct,wanda_50,28,82,0.5384615385,0.8918918919,-38.2965545654,38.2965545654,measured,results/phase2_readout_repair_v1_shards/wanda_50/repair_details.csv
fig:speca,Qwen/Qwen2.5-3B-Instruct,wanda_50,28,83,0.5384615385,0.9189189189,-38.8389358521,38.8389358521,measured,results/phase2_readout_repair_v1_shards/wanda_50/repair_details.csv
fig:speca,Qwen/Qwen2.5-3B-Instruct,wanda_50,28,84,0.5494505495,0.9189189189,-38.9082221985,38.9082221985,measured,results/phase2_readout_repair_v1_shards/wanda_50/repair_details.csv
fig:speca,Qwen/Qwen2.5-3B-Instruct,wanda_50,28,85,0.5604395604,0.9189189189,-38.9970245361,38.9970245361,measured,results/phase2_readout_repair_v1_shards/wanda_50/repair_details.csv
fig:speca,Qwen/Qwen2.5-3B-Instruct,wanda_50,28,86,0.5714285714,0.9189189189,-39.1897697449,39.1897697449,measured,results/phase2_readout_repair_v1_shards/wanda_50/repair_details.csv
fig:speca,Qwen/Qwen2.5-3B-Instruct,wanda_50,28,87,0.5824175824,0.9189189189,-39.2053413391,39.2053413391,measured,results/phase2_readout_repair_v1_shards/wanda_50/repair_details.csv
fig:speca,Qwen/Qwen2.5-3B-Instruct,wanda_50,28,88,0.5934065934,0.9189189189,-39.4376640320,39.4376640320,measured,results/phase2_readout_repair_v1_shards/wanda_50/repair_details.csv
fig:speca,Qwen/Qwen2.5-3B-Instruct,wanda_50,28,89,0.6043956044,0.9189189189,-39.4718246460,39.4718246460,measured,results/phase2_readout_repair_v1_shards/wanda_50/repair_details.csv
fig:speca,Qwen/Qwen2.5-3B-Instruct,wanda_50,28,90,0.6043956044,0.9459459459,-39.4959106445,39.4959106445,measured,results/phase2_readout_repair_v1_shards/wanda_50/repair_details.csv
fig:speca,Qwen/Qwen2.5-3B-Instruct,wanda_50,28,91,0.6153846154,0.9459459459,-39.5493621826,39.5493621826,measured,results/phase2_readout_repair_v1_shards/wanda_50/repair_details.csv
fig:speca,Qwen/Qwen2.5-3B-Instruct,wanda_50,28,92,0.6263736264,0.9459459459,-39.5598220825,39.5598220825,measured,results/phase2_readout_repair_v1_shards/wanda_50/repair_details.csv
fig:speca,Qwen/Qwen2.5-3B-Instruct,wanda_50,28,93,0.6373626374,0.9459459459,-39.7364349365,39.7364349365,measured,results/phase2_readout_repair_v1_shards/wanda_50/repair_details.csv
fig:speca,Qwen/Qwen2.5-3B-Instruct,wanda_50,28,94,0.6483516484,0.9459459459,-40.0155487061,40.0155487061,measured,results/phase2_readout_repair_v1_shards/wanda_50/repair_details.csv
fig:speca,Qwen/Qwen2.5-3B-Instruct,wanda_50,28,95,0.6593406593,0.9459459459,-40.2102088928,40.2102088928,measured,results/phase2_readout_repair_v1_shards/wanda_50/repair_details.csv
fig:speca,Qwen/Qwen2.5-3B-Instruct,wanda_50,28,96,0.6703296703,0.9459459459,-40.2921905518,40.2921905518,measured,results/phase2_readout_repair_v1_shards/wanda_50/repair_details.csv
fig:speca,Qwen/Qwen2.5-3B-Instruct,wanda_50,28,97,0.6813186813,0.9459459459,-40.3839759827,40.3839759827,measured,results/phase2_readout_repair_v1_shards/wanda_50/repair_details.csv
fig:speca,Qwen/Qwen2.5-3B-Instruct,wanda_50,28,98,0.6923076923,0.9459459459,-40.4133834839,40.4133834839,measured,results/phase2_readout_repair_v1_shards/wanda_50/repair_details.csv
fig:speca,Qwen/Qwen2.5-3B-Instruct,wanda_50,28,99,0.7032967033,0.9459459459,-40.4927482605,40.4927482605,measured,results/phase2_readout_repair_v1_shards/wanda_50/repair_details.csv
fig:speca,Qwen/Qwen2.5-3B-Instruct,wanda_50,28,100,0.7142857143,0.9459459459,-40.5939941406,40.5939941406,measured,results/phase2_readout_repair_v1_shards/wanda_50/repair_details.csv
fig:speca,Qwen/Qwen2.5-3B-Instruct,wanda_50,28,101,0.7252747253,0.9459459459,-40.8500404358,40.8500404358,measured,results/phase2_readout_repair_v1_shards/wanda_50/repair_details.csv
fig:speca,Qwen/Qwen2.5-3B-Instruct,wanda_50,28,102,0.7362637363,0.9459459459,-40.9116668701,40.9116668701,measured,results/phase2_readout_repair_v1_shards/wanda_50/repair_details.csv
fig:speca,Qwen/Qwen2.5-3B-Instruct,wanda_50,28,103,0.7362637363,0.9729729730,-41.2009353638,41.2009353638,measured,results/phase2_readout_repair_v1_shards/wanda_50/repair_details.csv
fig:speca,Qwen/Qwen2.5-3B-Instruct,wanda_50,28,104,0.7472527473,0.9729729730,-41.3007583618,41.3007583618,measured,results/phase2_readout_repair_v1_shards/wanda_50/repair_details.csv
fig:speca,Qwen/Qwen2.5-3B-Instruct,wanda_50,28,105,0.7582417582,0.9729729730,-41.3249893188,41.3249893188,measured,results/phase2_readout_repair_v1_shards/wanda_50/repair_details.csv
fig:speca,Qwen/Qwen2.5-3B-Instruct,wanda_50,28,106,0.7692307692,0.9729729730,-41.4054641724,41.4054641724,measured,results/phase2_readout_repair_v1_shards/wanda_50/repair_details.csv
fig:speca,Qwen/Qwen2.5-3B-Instruct,wanda_50,28,107,0.7802197802,0.9729729730,-41.4806442261,41.4806442261,measured,results/phase2_readout_repair_v1_shards/wanda_50/repair_details.csv
fig:speca,Qwen/Qwen2.5-3B-Instruct,wanda_50,28,108,0.7912087912,0.9729729730,-41.6627578735,41.6627578735,measured,results/phase2_readout_repair_v1_shards/wanda_50/repair_details.csv
fig:speca,Qwen/Qwen2.5-3B-Instruct,wanda_50,28,109,0.8021978022,0.9729729730,-41.7501449585,41.7501449585,measured,results/phase2_readout_repair_v1_shards/wanda_50/repair_details.csv
fig:speca,Qwen/Qwen2.5-3B-Instruct,wanda_50,28,110,0.8131868132,0.9729729730,-41.8405914307,41.8405914307,measured,results/phase2_readout_repair_v1_shards/wanda_50/repair_details.csv
fig:speca,Qwen/Qwen2.5-3B-Instruct,wanda_50,28,111,0.8241758242,0.9729729730,-42.1520385742,42.1520385742,measured,results/phase2_readout_repair_v1_shards/wanda_50/repair_details.csv
fig:speca,Qwen/Qwen2.5-3B-Instruct,wanda_50,28,112,0.8351648352,0.9729729730,-42.2132873535,42.2132873535,measured,results/phase2_readout_repair_v1_shards/wanda_50/repair_details.csv
fig:speca,Qwen/Qwen2.5-3B-Instruct,wanda_50,28,113,0.8461538462,0.9729729730,-42.2465820312,42.2465820312,measured,results/phase2_readout_repair_v1_shards/wanda_50/repair_details.csv
fig:speca,Qwen/Qwen2.5-3B-Instruct,wanda_50,28,114,0.8571428571,0.9729729730,-42.4251365662,42.4251365662,measured,results/phase2_readout_repair_v1_shards/wanda_50/repair_details.csv
fig:speca,Qwen/Qwen2.5-3B-Instruct,wanda_50,28,115,0.8571428571,1.0000000000,-42.4457397461,42.4457397461,measured,results/phase2_readout_repair_v1_shards/wanda_50/repair_details.csv
fig:speca,Qwen/Qwen2.5-3B-Instruct,wanda_50,28,116,0.8681318681,1.0000000000,-42.5143661499,42.5143661499,measured,results/phase2_readout_repair_v1_shards/wanda_50/repair_details.csv
fig:speca,Qwen/Qwen2.5-3B-Instruct,wanda_50,28,117,0.8791208791,1.0000000000,-43.0817947388,43.0817947388,measured,results/phase2_readout_repair_v1_shards/wanda_50/repair_details.csv
fig:speca,Qwen/Qwen2.5-3B-Instruct,wanda_50,28,118,0.8901098901,1.0000000000,-43.1777534485,43.1777534485,measured,results/phase2_readout_repair_v1_shards/wanda_50/repair_details.csv
fig:speca,Qwen/Qwen2.5-3B-Instruct,wanda_50,28,119,0.9010989011,1.0000000000,-43.6174392700,43.6174392700,measured,results/phase2_readout_repair_v1_shards/wanda_50/repair_details.csv
fig:speca,Qwen/Qwen2.5-3B-Instruct,wanda_50,28,120,0.9120879121,1.0000000000,-44.0358963013,44.0358963013,measured,results/phase2_readout_repair_v1_shards/wanda_50/repair_details.csv
fig:speca,Qwen/Qwen2.5-3B-Instruct,wanda_50,28,121,0.9230769231,1.0000000000,-44.7967605591,44.7967605591,measured,results/phase2_readout_repair_v1_shards/wanda_50/repair_details.csv
fig:speca,Qwen/Qwen2.5-3B-Instruct,wanda_50,28,122,0.9340659341,1.0000000000,-45.0604400635,45.0604400635,measured,results/phase2_readout_repair_v1_shards/wanda_50/repair_details.csv
fig:speca,Qwen/Qwen2.5-3B-Instruct,wanda_50,28,123,0.9450549451,1.0000000000,-45.1329994202,45.1329994202,measured,results/phase2_readout_repair_v1_shards/wanda_50/repair_details.csv
fig:speca,Qwen/Qwen2.5-3B-Instruct,wanda_50,28,124,0.9560439560,1.0000000000,-45.3943023682,45.3943023682,measured,results/phase2_readout_repair_v1_shards/wanda_50/repair_details.csv
fig:speca,Qwen/Qwen2.5-3B-Instruct,wanda_50,28,125,0.9670329670,1.0000000000,-45.7448234558,45.7448234558,measured,results/phase2_readout_repair_v1_shards/wanda_50/repair_details.csv
fig:speca,Qwen/Qwen2.5-3B-Instruct,wanda_50,28,126,0.9780219780,1.0000000000,-45.9863624573,45.9863624573,measured,results/phase2_readout_repair_v1_shards/wanda_50/repair_details.csv
fig:speca,Qwen/Qwen2.5-3B-Instruct,wanda_50,28,127,0.9890109890,1.0000000000,-46.0167999268,46.0167999268,measured,results/phase2_readout_repair_v1_shards/wanda_50/repair_details.csv
fig:speca,Qwen/Qwen2.5-3B-Instruct,wanda_50,28,128,1.0000000000,1.0000000000,-46.4204635620,46.4204635620,measured,results/phase2_readout_repair_v1_shards/wanda_50/repair_details.csv
fig:speca,Qwen/Qwen2.5-3B-Instruct,wanda_50,32,0,0.0000000000,0.0000000000,inf,-inf,measured,results/phase2_readout_repair_v1_shards/wanda_50/repair_details.csv
fig:speca,Qwen/Qwen2.5-3B-Instruct,wanda_50,32,1,0.0109890110,0.0000000000,26.8437271118,-26.8437271118,measured,results/phase2_readout_repair_v1_shards/wanda_50/repair_details.csv
fig:speca,Qwen/Qwen2.5-3B-Instruct,wanda_50,32,2,0.0219780220,0.0000000000,5.6380481720,-5.6380481720,measured,results/phase2_readout_repair_v1_shards/wanda_50/repair_details.csv
fig:speca,Qwen/Qwen2.5-3B-Instruct,wanda_50,32,3,0.0329670330,0.0000000000,-0.3004140854,0.3004140854,measured,results/phase2_readout_repair_v1_shards/wanda_50/repair_details.csv
fig:speca,Qwen/Qwen2.5-3B-Instruct,wanda_50,32,4,0.0329670330,0.0270270270,-4.7015151978,4.7015151978,measured,results/phase2_readout_repair_v1_shards/wanda_50/repair_details.csv
fig:speca,Qwen/Qwen2.5-3B-Instruct,wanda_50,32,5,0.0329670330,0.0540540541,-5.2823858261,5.2823858261,measured,results/phase2_readout_repair_v1_shards/wanda_50/repair_details.csv
fig:speca,Qwen/Qwen2.5-3B-Instruct,wanda_50,32,6,0.0329670330,0.0810810811,-8.5492782593,8.5492782593,measured,results/phase2_readout_repair_v1_shards/wanda_50/repair_details.csv
fig:speca,Qwen/Qwen2.5-3B-Instruct,wanda_50,32,7,0.0439560440,0.0810810811,-11.0899229050,11.0899229050,measured,results/phase2_readout_repair_v1_shards/wanda_50/repair_details.csv
fig:speca,Qwen/Qwen2.5-3B-Instruct,wanda_50,32,8,0.0549450549,0.0810810811,-11.3130855560,11.3130855560,measured,results/phase2_readout_repair_v1_shards/wanda_50/repair_details.csv
fig:speca,Qwen/Qwen2.5-3B-Instruct,wanda_50,32,9,0.0659340659,0.0810810811,-11.7292051315,11.7292051315,measured,results/phase2_readout_repair_v1_shards/wanda_50/repair_details.csv
fig:speca,Qwen/Qwen2.5-3B-Instruct,wanda_50,32,10,0.0659340659,0.1081081081,-12.3449125290,12.3449125290,measured,results/phase2_readout_repair_v1_shards/wanda_50/repair_details.csv
fig:speca,Qwen/Qwen2.5-3B-Instruct,wanda_50,32,11,0.0659340659,0.1351351351,-13.1707401276,13.1707401276,measured,results/phase2_readout_repair_v1_shards/wanda_50/repair_details.csv
fig:speca,Qwen/Qwen2.5-3B-Instruct,wanda_50,32,12,0.0659340659,0.1621621622,-16.1729125977,16.1729125977,measured,results/phase2_readout_repair_v1_shards/wanda_50/repair_details.csv
fig:speca,Qwen/Qwen2.5-3B-Instruct,wanda_50,32,13,0.0659340659,0.1891891892,-16.5613765717,16.5613765717,measured,results/phase2_readout_repair_v1_shards/wanda_50/repair_details.csv
fig:speca,Qwen/Qwen2.5-3B-Instruct,wanda_50,32,14,0.0659340659,0.2162162162,-16.8292484283,16.8292484283,measured,results/phase2_readout_repair_v1_shards/wanda_50/repair_details.csv
fig:speca,Qwen/Qwen2.5-3B-Instruct,wanda_50,32,15,0.0769230769,0.2162162162,-18.5734081268,18.5734081268,measured,results/phase2_readout_repair_v1_shards/wanda_50/repair_details.csv
fig:speca,Qwen/Qwen2.5-3B-Instruct,wanda_50,32,16,0.0769230769,0.2432432432,-23.4063835144,23.4063835144,measured,results/phase2_readout_repair_v1_shards/wanda_50/repair_details.csv
fig:speca,Qwen/Qwen2.5-3B-Instruct,wanda_50,32,17,0.0879120879,0.2432432432,-23.7098617554,23.7098617554,measured,results/phase2_readout_repair_v1_shards/wanda_50/repair_details.csv
fig:speca,Qwen/Qwen2.5-3B-Instruct,wanda_50,32,18,0.0989010989,0.2432432432,-24.2405853271,24.2405853271,measured,results/phase2_readout_repair_v1_shards/wanda_50/repair_details.csv
fig:speca,Qwen/Qwen2.5-3B-Instruct,wanda_50,32,19,0.0989010989,0.2702702703,-25.6444816589,25.6444816589,measured,results/phase2_readout_repair_v1_shards/wanda_50/repair_details.csv
fig:speca,Qwen/Qwen2.5-3B-Instruct,wanda_50,32,20,0.0989010989,0.2972972973,-27.2570095062,27.2570095062,measured,results/phase2_readout_repair_v1_shards/wanda_50/repair_details.csv
fig:speca,Qwen/Qwen2.5-3B-Instruct,wanda_50,32,21,0.0989010989,0.3243243243,-27.7378196716,27.7378196716,measured,results/phase2_readout_repair_v1_shards/wanda_50/repair_details.csv
fig:speca,Qwen/Qwen2.5-3B-Instruct,wanda_50,32,22,0.1098901099,0.3243243243,-28.6867046356,28.6867046356,measured,results/phase2_readout_repair_v1_shards/wanda_50/repair_details.csv
fig:speca,Qwen/Qwen2.5-3B-Instruct,wanda_50,32,23,0.1098901099,0.3513513514,-30.2658176422,30.2658176422,measured,results/phase2_readout_repair_v1_shards/wanda_50/repair_details.csv
fig:speca,Qwen/Qwen2.5-3B-Instruct,wanda_50,32,24,0.1098901099,0.3783783784,-30.7484283447,30.7484283447,measured,results/phase2_readout_repair_v1_shards/wanda_50/repair_details.csv
fig:speca,Qwen/Qwen2.5-3B-Instruct,wanda_50,32,25,0.1208791209,0.3783783784,-32.6685028076,32.6685028076,measured,results/phase2_readout_repair_v1_shards/wanda_50/repair_details.csv
fig:speca,Qwen/Qwen2.5-3B-Instruct,wanda_50,32,26,0.1318681319,0.3783783784,-32.8859901428,32.8859901428,measured,results/phase2_readout_repair_v1_shards/wanda_50/repair_details.csv
fig:speca,Qwen/Qwen2.5-3B-Instruct,wanda_50,32,27,0.1428571429,0.3783783784,-33.2884979248,33.2884979248,measured,results/phase2_readout_repair_v1_shards/wanda_50/repair_details.csv
fig:speca,Qwen/Qwen2.5-3B-Instruct,wanda_50,32,28,0.1428571429,0.4054054054,-34.4405708313,34.4405708313,measured,results/phase2_readout_repair_v1_shards/wanda_50/repair_details.csv
fig:speca,Qwen/Qwen2.5-3B-Instruct,wanda_50,32,29,0.1538461538,0.4054054054,-34.9237747192,34.9237747192,measured,results/phase2_readout_repair_v1_shards/wanda_50/repair_details.csv
fig:speca,Qwen/Qwen2.5-3B-Instruct,wanda_50,32,30,0.1648351648,0.4054054054,-37.0870132446,37.0870132446,measured,results/phase2_readout_repair_v1_shards/wanda_50/repair_details.csv
fig:speca,Qwen/Qwen2.5-3B-Instruct,wanda_50,32,31,0.1648351648,0.4324324324,-37.9177360535,37.9177360535,measured,results/phase2_readout_repair_v1_shards/wanda_50/repair_details.csv
fig:speca,Qwen/Qwen2.5-3B-Instruct,wanda_50,32,32,0.1648351648,0.4594594595,-38.2426147461,38.2426147461,measured,results/phase2_readout_repair_v1_shards/wanda_50/repair_details.csv
fig:speca,Qwen/Qwen2.5-3B-Instruct,wanda_50,32,33,0.1648351648,0.4864864865,-38.5665779114,38.5665779114,measured,results/phase2_readout_repair_v1_shards/wanda_50/repair_details.csv
fig:speca,Qwen/Qwen2.5-3B-Instruct,wanda_50,32,34,0.1758241758,0.4864864865,-42.0589942932,42.0589942932,measured,results/phase2_readout_repair_v1_shards/wanda_50/repair_details.csv
fig:speca,Qwen/Qwen2.5-3B-Instruct,wanda_50,32,35,0.1868131868,0.4864864865,-44.2039489746,44.2039489746,measured,results/phase2_readout_repair_v1_shards/wanda_50/repair_details.csv
fig:speca,Qwen/Qwen2.5-3B-Instruct,wanda_50,32,36,0.1978021978,0.4864864865,-45.1558074951,45.1558074951,measured,results/phase2_readout_repair_v1_shards/wanda_50/repair_details.csv
fig:speca,Qwen/Qwen2.5-3B-Instruct,wanda_50,32,37,0.2087912088,0.4864864865,-45.2257080078,45.2257080078,measured,results/phase2_readout_repair_v1_shards/wanda_50/repair_details.csv
fig:speca,Qwen/Qwen2.5-3B-Instruct,wanda_50,32,38,0.2197802198,0.4864864865,-45.6850242615,45.6850242615,measured,results/phase2_readout_repair_v1_shards/wanda_50/repair_details.csv
fig:speca,Qwen/Qwen2.5-3B-Instruct,wanda_50,32,39,0.2307692308,0.4864864865,-46.9294548035,46.9294548035,measured,results/phase2_readout_repair_v1_shards/wanda_50/repair_details.csv
fig:speca,Qwen/Qwen2.5-3B-Instruct,wanda_50,32,40,0.2307692308,0.5135135135,-47.4119529724,47.4119529724,measured,results/phase2_readout_repair_v1_shards/wanda_50/repair_details.csv
fig:speca,Qwen/Qwen2.5-3B-Instruct,wanda_50,32,41,0.2417582418,0.5135135135,-47.7331504822,47.7331504822,measured,results/phase2_readout_repair_v1_shards/wanda_50/repair_details.csv
fig:speca,Qwen/Qwen2.5-3B-Instruct,wanda_50,32,42,0.2527472527,0.5135135135,-47.8881607056,47.8881607056,measured,results/phase2_readout_repair_v1_shards/wanda_50/repair_details.csv
fig:speca,Qwen/Qwen2.5-3B-Instruct,wanda_50,32,43,0.2637362637,0.5135135135,-48.8073883057,48.8073883057,measured,results/phase2_readout_repair_v1_shards/wanda_50/repair_details.csv
fig:speca,Qwen/Qwen2.5-3B-Instruct,wanda_50,32,44,0.2747252747,0.5135135135,-49.1467208862,49.1467208862,measured,results/phase2_readout_repair_v1_shards/wanda_50/repair_details.csv
fig:speca,Qwen/Qwen2.5-3B-Instruct,wanda_50,32,45,0.2857142857,0.5135135135,-49.3078613281,49.3078613281,measured,results/phase2_readout_repair_v1_shards/wanda_50/repair_details.csv
fig:speca,Qwen/Qwen2.5-3B-Instruct,wanda_50,32,46,0.2857142857,0.5405405405,-49.3933410645,49.3933410645,measured,results/phase2_readout_repair_v1_shards/wanda_50/repair_details.csv
fig:speca,Qwen/Qwen2.5-3B-Instruct,wanda_50,32,47,0.2857142857,0.5675675676,-49.4770278931,49.4770278931,measured,results/phase2_readout_repair_v1_shards/wanda_50/repair_details.csv
fig:speca,Qwen/Qwen2.5-3B-Instruct,wanda_50,32,48,0.2967032967,0.5675675676,-49.9865875244,49.9865875244,measured,results/phase2_readout_repair_v1_shards/wanda_50/repair_details.csv
fig:speca,Qwen/Qwen2.5-3B-Instruct,wanda_50,32,49,0.2967032967,0.5945945946,-50.0252418518,50.0252418518,measured,results/phase2_readout_repair_v1_shards/wanda_50/repair_details.csv
fig:speca,Qwen/Qwen2.5-3B-Instruct,wanda_50,32,50,0.3076923077,0.5945945946,-50.7783393860,50.7783393860,measured,results/phase2_readout_repair_v1_shards/wanda_50/repair_details.csv
fig:speca,Qwen/Qwen2.5-3B-Instruct,wanda_50,32,51,0.3186813187,0.5945945946,-51.2453536987,51.2453536987,measured,results/phase2_readout_repair_v1_shards/wanda_50/repair_details.csv
fig:speca,Qwen/Qwen2.5-3B-Instruct,wanda_50,32,52,0.3296703297,0.5945945946,-52.9546432495,52.9546432495,measured,results/phase2_readout_repair_v1_shards/wanda_50/repair_details.csv
fig:speca,Qwen/Qwen2.5-3B-Instruct,wanda_50,32,53,0.3296703297,0.6216216216,-53.1187820435,53.1187820435,measured,results/phase2_readout_repair_v1_shards/wanda_50/repair_details.csv
fig:speca,Qwen/Qwen2.5-3B-Instruct,wanda_50,32,54,0.3296703297,0.6486486486,-53.2297134399,53.2297134399,measured,results/phase2_readout_repair_v1_shards/wanda_50/repair_details.csv
fig:speca,Qwen/Qwen2.5-3B-Instruct,wanda_50,32,55,0.3296703297,0.6756756757,-53.2703208923,53.2703208923,measured,results/phase2_readout_repair_v1_shards/wanda_50/repair_details.csv
fig:speca,Qwen/Qwen2.5-3B-Instruct,wanda_50,32,56,0.3406593407,0.6756756757,-53.2890243530,53.2890243530,measured,results/phase2_readout_repair_v1_shards/wanda_50/repair_details.csv
fig:speca,Qwen/Qwen2.5-3B-Instruct,wanda_50,32,57,0.3516483516,0.6756756757,-53.4577941895,53.4577941895,measured,results/phase2_readout_repair_v1_shards/wanda_50/repair_details.csv
fig:speca,Qwen/Qwen2.5-3B-Instruct,wanda_50,32,58,0.3626373626,0.6756756757,-54.2944412231,54.2944412231,measured,results/phase2_readout_repair_v1_shards/wanda_50/repair_details.csv
fig:speca,Qwen/Qwen2.5-3B-Instruct,wanda_50,32,59,0.3626373626,0.7027027027,-54.3880882263,54.3880882263,measured,results/phase2_readout_repair_v1_shards/wanda_50/repair_details.csv
fig:speca,Qwen/Qwen2.5-3B-Instruct,wanda_50,32,60,0.3736263736,0.7027027027,-54.4144287109,54.4144287109,measured,results/phase2_readout_repair_v1_shards/wanda_50/repair_details.csv
fig:speca,Qwen/Qwen2.5-3B-Instruct,wanda_50,32,61,0.3846153846,0.7027027027,-54.4503440857,54.4503440857,measured,results/phase2_readout_repair_v1_shards/wanda_50/repair_details.csv
fig:speca,Qwen/Qwen2.5-3B-Instruct,wanda_50,32,62,0.3846153846,0.7297297297,-54.4539070129,54.4539070129,measured,results/phase2_readout_repair_v1_shards/wanda_50/repair_details.csv
fig:speca,Qwen/Qwen2.5-3B-Instruct,wanda_50,32,63,0.3846153846,0.7567567568,-55.1894073486,55.1894073486,measured,results/phase2_readout_repair_v1_shards/wanda_50/repair_details.csv
fig:speca,Qwen/Qwen2.5-3B-Instruct,wanda_50,32,64,0.3956043956,0.7567567568,-55.5228118896,55.5228118896,measured,results/phase2_readout_repair_v1_shards/wanda_50/repair_details.csv
fig:speca,Qwen/Qwen2.5-3B-Instruct,wanda_50,32,65,0.4065934066,0.7567567568,-56.5401077271,56.5401077271,measured,results/phase2_readout_repair_v1_shards/wanda_50/repair_details.csv
fig:speca,Qwen/Qwen2.5-3B-Instruct,wanda_50,32,66,0.4175824176,0.7567567568,-56.8292503357,56.8292503357,measured,results/phase2_readout_repair_v1_shards/wanda_50/repair_details.csv
fig:speca,Qwen/Qwen2.5-3B-Instruct,wanda_50,32,67,0.4285714286,0.7567567568,-57.1150665283,57.1150665283,measured,results/phase2_readout_repair_v1_shards/wanda_50/repair_details.csv
fig:speca,Qwen/Qwen2.5-3B-Instruct,wanda_50,32,68,0.4395604396,0.7567567568,-57.5196647644,57.5196647644,measured,results/phase2_readout_repair_v1_shards/wanda_50/repair_details.csv
fig:speca,Qwen/Qwen2.5-3B-Instruct,wanda_50,32,69,0.4505494505,0.7567567568,-57.8356933594,57.8356933594,measured,results/phase2_readout_repair_v1_shards/wanda_50/repair_details.csv
fig:speca,Qwen/Qwen2.5-3B-Instruct,wanda_50,32,70,0.4615384615,0.7567567568,-58.3172988892,58.3172988892,measured,results/phase2_readout_repair_v1_shards/wanda_50/repair_details.csv
fig:speca,Qwen/Qwen2.5-3B-Instruct,wanda_50,32,71,0.4725274725,0.7567567568,-58.6635818481,58.6635818481,measured,results/phase2_readout_repair_v1_shards/wanda_50/repair_details.csv
fig:speca,Qwen/Qwen2.5-3B-Instruct,wanda_50,32,72,0.4835164835,0.7567567568,-58.7028465271,58.7028465271,measured,results/phase2_readout_repair_v1_shards/wanda_50/repair_details.csv
fig:speca,Qwen/Qwen2.5-3B-Instruct,wanda_50,32,73,0.4945054945,0.7567567568,-58.7278022766,58.7278022766,measured,results/phase2_readout_repair_v1_shards/wanda_50/repair_details.csv
fig:speca,Qwen/Qwen2.5-3B-Instruct,wanda_50,32,74,0.5054945055,0.7567567568,-58.8362731934,58.8362731934,measured,results/phase2_readout_repair_v1_shards/wanda_50/repair_details.csv
fig:speca,Qwen/Qwen2.5-3B-Instruct,wanda_50,32,75,0.5054945055,0.7837837838,-59.0703620911,59.0703620911,measured,results/phase2_readout_repair_v1_shards/wanda_50/repair_details.csv
fig:speca,Qwen/Qwen2.5-3B-Instruct,wanda_50,32,76,0.5164835165,0.7837837838,-59.2705230713,59.2705230713,measured,results/phase2_readout_repair_v1_shards/wanda_50/repair_details.csv
fig:speca,Qwen/Qwen2.5-3B-Instruct,wanda_50,32,77,0.5274725275,0.7837837838,-59.2861328125,59.2861328125,measured,results/phase2_readout_repair_v1_shards/wanda_50/repair_details.csv
fig:speca,Qwen/Qwen2.5-3B-Instruct,wanda_50,32,78,0.5384615385,0.7837837838,-59.3420715332,59.3420715332,measured,results/phase2_readout_repair_v1_shards/wanda_50/repair_details.csv
fig:speca,Qwen/Qwen2.5-3B-Instruct,wanda_50,32,79,0.5384615385,0.8108108108,-59.3657760620,59.3657760620,measured,results/phase2_readout_repair_v1_shards/wanda_50/repair_details.csv
fig:speca,Qwen/Qwen2.5-3B-Instruct,wanda_50,32,80,0.5384615385,0.8378378378,-59.7622375488,59.7622375488,measured,results/phase2_readout_repair_v1_shards/wanda_50/repair_details.csv
fig:speca,Qwen/Qwen2.5-3B-Instruct,wanda_50,32,81,0.5384615385,0.8648648649,-59.8916778564,59.8916778564,measured,results/phase2_readout_repair_v1_shards/wanda_50/repair_details.csv
fig:speca,Qwen/Qwen2.5-3B-Instruct,wanda_50,32,82,0.5384615385,0.8918918919,-60.2318038940,60.2318038940,measured,results/phase2_readout_repair_v1_shards/wanda_50/repair_details.csv
fig:speca,Qwen/Qwen2.5-3B-Instruct,wanda_50,32,83,0.5494505495,0.8918918919,-60.2856178284,60.2856178284,measured,results/phase2_readout_repair_v1_shards/wanda_50/repair_details.csv
fig:speca,Qwen/Qwen2.5-3B-Instruct,wanda_50,32,84,0.5604395604,0.8918918919,-60.3845672607,60.3845672607,measured,results/phase2_readout_repair_v1_shards/wanda_50/repair_details.csv
fig:speca,Qwen/Qwen2.5-3B-Instruct,wanda_50,32,85,0.5604395604,0.9189189189,-60.4619140625,60.4619140625,measured,results/phase2_readout_repair_v1_shards/wanda_50/repair_details.csv
fig:speca,Qwen/Qwen2.5-3B-Instruct,wanda_50,32,86,0.5714285714,0.9189189189,-60.6088485718,60.6088485718,measured,results/phase2_readout_repair_v1_shards/wanda_50/repair_details.csv
fig:speca,Qwen/Qwen2.5-3B-Instruct,wanda_50,32,87,0.5824175824,0.9189189189,-61.0444869995,61.0444869995,measured,results/phase2_readout_repair_v1_shards/wanda_50/repair_details.csv
fig:speca,Qwen/Qwen2.5-3B-Instruct,wanda_50,32,88,0.5934065934,0.9189189189,-61.3363189697,61.3363189697,measured,results/phase2_readout_repair_v1_shards/wanda_50/repair_details.csv
fig:speca,Qwen/Qwen2.5-3B-Instruct,wanda_50,32,89,0.6043956044,0.9189189189,-61.3413848877,61.3413848877,measured,results/phase2_readout_repair_v1_shards/wanda_50/repair_details.csv
fig:speca,Qwen/Qwen2.5-3B-Instruct,wanda_50,32,90,0.6153846154,0.9189189189,-61.4484138489,61.4484138489,measured,results/phase2_readout_repair_v1_shards/wanda_50/repair_details.csv
fig:speca,Qwen/Qwen2.5-3B-Instruct,wanda_50,32,91,0.6263736264,0.9189189189,-61.5473098755,61.5473098755,measured,results/phase2_readout_repair_v1_shards/wanda_50/repair_details.csv
fig:speca,Qwen/Qwen2.5-3B-Instruct,wanda_50,32,92,0.6373626374,0.9189189189,-61.5960998535,61.5960998535,measured,results/phase2_readout_repair_v1_shards/wanda_50/repair_details.csv
fig:speca,Qwen/Qwen2.5-3B-Instruct,wanda_50,32,93,0.6483516484,0.9189189189,-62.0388488770,62.0388488770,measured,results/phase2_readout_repair_v1_shards/wanda_50/repair_details.csv
fig:speca,Qwen/Qwen2.5-3B-Instruct,wanda_50,32,94,0.6483516484,0.9459459459,-62.0439758301,62.0439758301,measured,results/phase2_readout_repair_v1_shards/wanda_50/repair_details.csv
fig:speca,Qwen/Qwen2.5-3B-Instruct,wanda_50,32,95,0.6483516484,0.9729729730,-62.2649612427,62.2649612427,measured,results/phase2_readout_repair_v1_shards/wanda_50/repair_details.csv
fig:speca,Qwen/Qwen2.5-3B-Instruct,wanda_50,32,96,0.6593406593,0.9729729730,-62.5545043945,62.5545043945,measured,results/phase2_readout_repair_v1_shards/wanda_50/repair_details.csv
fig:speca,Qwen/Qwen2.5-3B-Instruct,wanda_50,32,97,0.6703296703,0.9729729730,-63.1084213257,63.1084213257,measured,results/phase2_readout_repair_v1_shards/wanda_50/repair_details.csv
fig:speca,Qwen/Qwen2.5-3B-Instruct,wanda_50,32,98,0.6813186813,0.9729729730,-63.1828536987,63.1828536987,measured,results/phase2_readout_repair_v1_shards/wanda_50/repair_details.csv
fig:speca,Qwen/Qwen2.5-3B-Instruct,wanda_50,32,99,0.6923076923,0.9729729730,-63.6848297119,63.6848297119,measured,results/phase2_readout_repair_v1_shards/wanda_50/repair_details.csv
fig:speca,Qwen/Qwen2.5-3B-Instruct,wanda_50,32,100,0.7032967033,0.9729729730,-63.8203620911,63.8203620911,measured,results/phase2_readout_repair_v1_shards/wanda_50/repair_details.csv
fig:speca,Qwen/Qwen2.5-3B-Instruct,wanda_50,32,101,0.7142857143,0.9729729730,-64.0285339355,64.0285339355,measured,results/phase2_readout_repair_v1_shards/wanda_50/repair_details.csv
fig:speca,Qwen/Qwen2.5-3B-Instruct,wanda_50,32,102,0.7252747253,0.9729729730,-64.5817947388,64.5817947388,measured,results/phase2_readout_repair_v1_shards/wanda_50/repair_details.csv
fig:speca,Qwen/Qwen2.5-3B-Instruct,wanda_50,32,103,0.7362637363,0.9729729730,-64.8681564331,64.8681564331,measured,results/phase2_readout_repair_v1_shards/wanda_50/repair_details.csv
fig:speca,Qwen/Qwen2.5-3B-Instruct,wanda_50,32,104,0.7472527473,0.9729729730,-65.3453140259,65.3453140259,measured,results/phase2_readout_repair_v1_shards/wanda_50/repair_details.csv
fig:speca,Qwen/Qwen2.5-3B-Instruct,wanda_50,32,105,0.7582417582,0.9729729730,-65.4838867188,65.4838867188,measured,results/phase2_readout_repair_v1_shards/wanda_50/repair_details.csv
fig:speca,Qwen/Qwen2.5-3B-Instruct,wanda_50,32,106,0.7692307692,0.9729729730,-66.6911315918,66.6911315918,measured,results/phase2_readout_repair_v1_shards/wanda_50/repair_details.csv
fig:speca,Qwen/Qwen2.5-3B-Instruct,wanda_50,32,107,0.7802197802,0.9729729730,-66.7130737305,66.7130737305,measured,results/phase2_readout_repair_v1_shards/wanda_50/repair_details.csv
fig:speca,Qwen/Qwen2.5-3B-Instruct,wanda_50,32,108,0.7912087912,0.9729729730,-66.9807586670,66.9807586670,measured,results/phase2_readout_repair_v1_shards/wanda_50/repair_details.csv
fig:speca,Qwen/Qwen2.5-3B-Instruct,wanda_50,32,109,0.8021978022,0.9729729730,-67.4885711670,67.4885711670,measured,results/phase2_readout_repair_v1_shards/wanda_50/repair_details.csv
fig:speca,Qwen/Qwen2.5-3B-Instruct,wanda_50,32,110,0.8131868132,0.9729729730,-68.3005065918,68.3005065918,measured,results/phase2_readout_repair_v1_shards/wanda_50/repair_details.csv
fig:speca,Qwen/Qwen2.5-3B-Instruct,wanda_50,32,111,0.8241758242,0.9729729730,-68.6446228027,68.6446228027,measured,results/phase2_readout_repair_v1_shards/wanda_50/repair_details.csv
fig:speca,Qwen/Qwen2.5-3B-Instruct,wanda_50,32,112,0.8351648352,0.9729729730,-68.7041320801,68.7041320801,measured,results/phase2_readout_repair_v1_shards/wanda_50/repair_details.csv
fig:speca,Qwen/Qwen2.5-3B-Instruct,wanda_50,32,113,0.8351648352,1.0000000000,-69.2437286377,69.2437286377,measured,results/phase2_readout_repair_v1_shards/wanda_50/repair_details.csv
fig:speca,Qwen/Qwen2.5-3B-Instruct,wanda_50,32,114,0.8461538462,1.0000000000,-69.4827117920,69.4827117920,measured,results/phase2_readout_repair_v1_shards/wanda_50/repair_details.csv
fig:speca,Qwen/Qwen2.5-3B-Instruct,wanda_50,32,115,0.8571428571,1.0000000000,-69.7893905640,69.7893905640,measured,results/phase2_readout_repair_v1_shards/wanda_50/repair_details.csv
fig:speca,Qwen/Qwen2.5-3B-Instruct,wanda_50,32,116,0.8681318681,1.0000000000,-70.3556823730,70.3556823730,measured,results/phase2_readout_repair_v1_shards/wanda_50/repair_details.csv
fig:speca,Qwen/Qwen2.5-3B-Instruct,wanda_50,32,117,0.8791208791,1.0000000000,-71.0632095337,71.0632095337,measured,results/phase2_readout_repair_v1_shards/wanda_50/repair_details.csv
fig:speca,Qwen/Qwen2.5-3B-Instruct,wanda_50,32,118,0.8901098901,1.0000000000,-71.2557220459,71.2557220459,measured,results/phase2_readout_repair_v1_shards/wanda_50/repair_details.csv
fig:speca,Qwen/Qwen2.5-3B-Instruct,wanda_50,32,119,0.9010989011,1.0000000000,-72.0370025635,72.0370025635,measured,results/phase2_readout_repair_v1_shards/wanda_50/repair_details.csv
fig:speca,Qwen/Qwen2.5-3B-Instruct,wanda_50,32,120,0.9120879121,1.0000000000,-72.2953491211,72.2953491211,measured,results/phase2_readout_repair_v1_shards/wanda_50/repair_details.csv
fig:speca,Qwen/Qwen2.5-3B-Instruct,wanda_50,32,121,0.9230769231,1.0000000000,-72.8242340088,72.8242340088,measured,results/phase2_readout_repair_v1_shards/wanda_50/repair_details.csv
fig:speca,Qwen/Qwen2.5-3B-Instruct,wanda_50,32,122,0.9340659341,1.0000000000,-74.0718383789,74.0718383789,measured,results/phase2_readout_repair_v1_shards/wanda_50/repair_details.csv
fig:speca,Qwen/Qwen2.5-3B-Instruct,wanda_50,32,123,0.9450549451,1.0000000000,-74.3198089600,74.3198089600,measured,results/phase2_readout_repair_v1_shards/wanda_50/repair_details.csv
fig:speca,Qwen/Qwen2.5-3B-Instruct,wanda_50,32,124,0.9560439560,1.0000000000,-75.3857192993,75.3857192993,measured,results/phase2_readout_repair_v1_shards/wanda_50/repair_details.csv
fig:speca,Qwen/Qwen2.5-3B-Instruct,wanda_50,32,125,0.9670329670,1.0000000000,-76.0993194580,76.0993194580,measured,results/phase2_readout_repair_v1_shards/wanda_50/repair_details.csv
fig:speca,Qwen/Qwen2.5-3B-Instruct,wanda_50,32,126,0.9780219780,1.0000000000,-76.1559143066,76.1559143066,measured,results/phase2_readout_repair_v1_shards/wanda_50/repair_details.csv
fig:speca,Qwen/Qwen2.5-3B-Instruct,wanda_50,32,127,0.9890109890,1.0000000000,-76.5829772949,76.5829772949,measured,results/phase2_readout_repair_v1_shards/wanda_50/repair_details.csv
fig:speca,Qwen/Qwen2.5-3B-Instruct,wanda_50,32,128,1.0000000000,1.0000000000,-80.3702163696,80.3702163696,measured,results/phase2_readout_repair_v1_shards/wanda_50/repair_details.csv
